<?xml version="1.0"?>
<doc>
    <assembly>
        <name>BSF.BaseService.TaskManager</name>
    </assembly>
    <members>
        <member name="T:BSF.BaseService.TaskManager.BaseDllTask">
            <summary>
            基础dll任务
            </summary>
        </member>
        <member name="F:BSF.BaseService.TaskManager.BaseDllTask.IsTesting">
            <summary>
            是否运行在测试中
            </summary>
        </member>
        <member name="F:BSF.BaseService.TaskManager.BaseDllTask.AppConfig">
            <summary>
            任务的配置信息，类似项目app.config文件配置
            测试时需要手工代码填写配置,线上环境需要在任务发布的时候配置
            </summary>
        </member>
        <member name="F:BSF.BaseService.TaskManager.BaseDllTask.SystemRuntimeInfo">
            <summary>
            任务底层运行时信息
            </summary>
        </member>
        <member name="F:BSF.BaseService.TaskManager.BaseDllTask.SystemRuntimeOperator">
            <summary>
            任务底层运行时操作类
            </summary>
        </member>
        <member name="F:BSF.BaseService.TaskManager.BaseDllTask.OpenOperator">
            <summary>
            任务公开第三方使用的操作类
            </summary>
        </member>
        <member name="F:BSF.BaseService.TaskManager.BaseDllTask.SafeDisposeOperator">
            <summary>
            任务安全释放类
            </summary>
        </member>
        <member name="M:BSF.BaseService.TaskManager.BaseDllTask.TryRun">
            <summary>
            线上环境运行入口
            </summary>
        </member>
        <member name="M:BSF.BaseService.TaskManager.BaseDllTask.Run">
            <summary>
            与第三方约定的运行接口方面
            </summary>
        </member>
        <member name="M:BSF.BaseService.TaskManager.BaseDllTask.TestRun">
            <summary>
            测试环境运行入口
            </summary>
        </member>
        <member name="M:BSF.BaseService.TaskManager.BaseDllTask.Dispose">
            <summary>
            系统级稀有资源释放接口,及卸载回调接口
            </summary>
        </member>
        <member name="T:BSF.BaseService.TaskManager.Model.tb_error_model">
            <summary>
            tb_error Data Structure.
            </summary>
        </member>
        <member name="P:BSF.BaseService.TaskManager.Model.tb_error_model.id">
            <summary>
            
            </summary>
        </member>
        <member name="P:BSF.BaseService.TaskManager.Model.tb_error_model.msg">
            <summary>
            
            </summary>
        </member>
        <member name="P:BSF.BaseService.TaskManager.Model.tb_error_model.errortype">
            <summary>
            
            </summary>
        </member>
        <member name="P:BSF.BaseService.TaskManager.Model.tb_error_model.errorcreatetime">
            <summary>
            
            </summary>
        </member>
        <member name="P:BSF.BaseService.TaskManager.Model.tb_error_model.taskid">
            <summary>
            
            </summary>
        </member>
        <member name="P:BSF.BaseService.TaskManager.Model.tb_error_model.nodeid">
            <summary>
            
            </summary>
        </member>
        <member name="T:BSF.BaseService.TaskManager.Model.tb_log_model">
            <summary>
            tb_log Data Structure.
            </summary>
        </member>
        <member name="P:BSF.BaseService.TaskManager.Model.tb_log_model.id">
            <summary>
            
            </summary>
        </member>
        <member name="P:BSF.BaseService.TaskManager.Model.tb_log_model.msg">
            <summary>
            
            </summary>
        </member>
        <member name="P:BSF.BaseService.TaskManager.Model.tb_log_model.logtype">
            <summary>
            
            </summary>
        </member>
        <member name="P:BSF.BaseService.TaskManager.Model.tb_log_model.logcreatetime">
            <summary>
            
            </summary>
        </member>
        <member name="P:BSF.BaseService.TaskManager.Model.tb_log_model.taskid">
            <summary>
            
            </summary>
        </member>
        <member name="P:BSF.BaseService.TaskManager.Model.tb_log_model.nodeid">
            <summary>
            
            </summary>
        </member>
        <member name="T:BSF.BaseService.TaskManager.Model.tb_task_model">
            <summary>
            tb_task Data Structure.
            </summary>
        </member>
        <member name="P:BSF.BaseService.TaskManager.Model.tb_task_model.id">
            <summary>
            
            </summary>
        </member>
        <member name="P:BSF.BaseService.TaskManager.Model.tb_task_model.taskname">
            <summary>
            任务名
            </summary>
        </member>
        <member name="P:BSF.BaseService.TaskManager.Model.tb_task_model.categoryid">
            <summary>
            分类id
            </summary>
        </member>
        <member name="P:BSF.BaseService.TaskManager.Model.tb_task_model.nodeid">
            <summary>
            节点id
            </summary>
        </member>
        <member name="P:BSF.BaseService.TaskManager.Model.tb_task_model.taskcreatetime">
            <summary>
            任务创建时间
            </summary>
        </member>
        <member name="P:BSF.BaseService.TaskManager.Model.tb_task_model.taskupdatetime">
            <summary>
            任务更新时间
            </summary>
        </member>
        <member name="P:BSF.BaseService.TaskManager.Model.tb_task_model.tasklaststarttime">
            <summary>
            任务上一次执行时间
            </summary>
        </member>
        <member name="P:BSF.BaseService.TaskManager.Model.tb_task_model.tasklastendtime">
            <summary>
            任务上一次结束时间
            </summary>
        </member>
        <member name="P:BSF.BaseService.TaskManager.Model.tb_task_model.tasklasterrortime">
            <summary>
            任务出错时间
            </summary>
        </member>
        <member name="P:BSF.BaseService.TaskManager.Model.tb_task_model.taskerrorcount">
            <summary>
            任务连续出错次数
            </summary>
        </member>
        <member name="P:BSF.BaseService.TaskManager.Model.tb_task_model.taskruncount">
            <summary>
            任务总成功运行次数
            </summary>
        </member>
        <member name="P:BSF.BaseService.TaskManager.Model.tb_task_model.taskcreateuserid">
            <summary>
            任务创建人id
            </summary>
        </member>
        <member name="P:BSF.BaseService.TaskManager.Model.tb_task_model.taskstate">
            <summary>
            任务执行状态，查看代码枚举
            </summary>
        </member>
        <member name="P:BSF.BaseService.TaskManager.Model.tb_task_model.taskversion">
            <summary>
            任务版本号
            </summary>
        </member>
        <member name="P:BSF.BaseService.TaskManager.Model.tb_task_model.taskappconfigjson">
            <summary>
            任务app配置字典
            </summary>
        </member>
        <member name="P:BSF.BaseService.TaskManager.Model.tb_task_model.taskcron">
            <summary>
            任务执行频率cron表达式
            </summary>
        </member>
        <member name="P:BSF.BaseService.TaskManager.Model.tb_task_model.taskmainclassdllfilename">
            <summary>
            任务入口函数dll文件名
            </summary>
        </member>
        <member name="P:BSF.BaseService.TaskManager.Model.tb_task_model.taskmainclassnamespace">
            <summary>
            任务入口执行函数的路径
            </summary>
        </member>
        <member name="P:BSF.BaseService.TaskManager.Model.tb_task_model.taskremark">
            <summary>
            任务备注
            </summary>
        </member>
        <member name="T:BSF.BaseService.TaskManager.OpenOperator.TaskOpenOperator">
            <summary>
            任务公开给第三方使用操作类
            </summary>
        </member>
        <member name="F:BSF.BaseService.TaskManager.OpenOperator.TaskOpenOperator.DllTask">
            <summary>
            任务dll实例引用
            </summary>
        </member>
        <member name="M:BSF.BaseService.TaskManager.OpenOperator.TaskOpenOperator.GetTaskInstallDirectory">
            <summary>
            获取当前任务安装目录
            </summary>
            <returns></returns>
        </member>
        <member name="M:BSF.BaseService.TaskManager.OpenOperator.TaskOpenOperator.SaveLocalTempData(System.Object)">
            <summary>
            保存任务临时数据至本地文件 ".json.txt"
            </summary>
            <param name="obj"></param>
        </member>
        <member name="M:BSF.BaseService.TaskManager.OpenOperator.TaskOpenOperator.GetLocalTempData``1">
            <summary>
            从本地临时文件获取任务临时数据 ".json.txt"
            </summary>
            <param name="obj"></param>
        </member>
        <member name="M:BSF.BaseService.TaskManager.OpenOperator.TaskOpenOperator.SaveDataBaseTempData(System.Object)">
            <summary>
            保存任务临时数据至数据库(数据不能太大,也不能很频繁)
            </summary>
            <param name="obj"></param>
        </member>
        <member name="M:BSF.BaseService.TaskManager.OpenOperator.TaskOpenOperator.GetDataBaseTempData``1">
            <summary>
            获取数据库任务临时数据
            </summary>
            <param name="obj"></param>
        </member>
        <member name="M:BSF.BaseService.TaskManager.OpenOperator.TaskOpenOperator.Log(System.String)">
            <summary>
            写日志至线上数据库(不要频繁写日志，仅写一些便于分析的核心数据，或者非紧急的业务错误)
            </summary>
            <param name="msg"></param>
        </member>
        <member name="M:BSF.BaseService.TaskManager.OpenOperator.TaskOpenOperator.Error(System.String,System.Exception)">
            <summary>
            写错误日志至线上数据库,这些错误会通知到开发人员，所以不要写一些正常的业务错误
            </summary>
            <param name="msg"></param>
            <param name="exp"></param>
        </member>
        <member name="T:BSF.BaseService.TaskManager.SystemRuntime.EnumTaskLogType">
            <summary>
            任务日志类型
            </summary>
        </member>
        <member name="T:BSF.BaseService.TaskManager.SystemRuntime.TaskAppConfigInfo">
            <summary>
            任务配置信息，类似app.config中的配置，仅支持字典
            正式环境在任务调度平台中配置获取
            测试环境需要自己重新创建实例赋值
            </summary>
        </member>
        <member name="T:BSF.BaseService.TaskManager.SystemRuntime.TaskLock">
            <summary>
            任务锁机制
            双重锁保护
            </summary>
        </member>
        <member name="T:BSF.BaseService.TaskManager.SystemRuntime.TaskSafeDisposeOperator">
            <summary>
            任务安全卸载类
            </summary>
        </member>
        <member name="M:BSF.BaseService.TaskManager.SystemRuntime.TaskSafeDisposeOperator.WaitDisposeFinished">
            <summary>
            阻塞等待资源释放标识,若DisposedState=Finished,则终止等待;若超时,则报错
            </summary>
        </member>
        <member name="T:BSF.BaseService.TaskManager.SystemRuntime.TaskDisposedState">
            <summary>
            任务当前资源释放状态
            </summary>
        </member>
        <member name="T:BSF.BaseService.TaskManager.SystemRuntime.TaskSafeDisposeTimeOutException">
            <summary>
            任务资源安全释放超时错误
            </summary>
        </member>
        <member name="T:BSF.BaseService.TaskManager.SystemRuntime.TaskSystemRuntimeInfo">
            <summary>
            任务系统运行时信息
            </summary>
        </member>
        <member name="P:BSF.BaseService.TaskManager.SystemRuntime.TaskSystemRuntimeInfo.TaskConnectString">
            <summary>
            任务数据库连接字符串
            </summary>
        </member>
        <member name="P:BSF.BaseService.TaskManager.SystemRuntime.TaskSystemRuntimeInfo.TaskModel">
            <summary>
            任务信息
            </summary>
        </member>
        <member name="T:BSF.BaseService.TaskManager.SystemRuntime.TaskSystemRuntimeOperator">
            <summary>
            任务运行时底层操作类
            仅平台内部使用
            </summary>
        </member>
        <member name="F:BSF.BaseService.TaskManager.SystemRuntime.TaskSystemRuntimeOperator.DllTask">
            <summary>
            任务dll实例引用
            </summary>
        </member>
    </members>
</doc>
